id,x,fval,grad,hess,res,sres,n_fval,n_grad,n_hess,n_res,n_sres,x0,fval0,history,exitflag,time,message,optimizer
4,"[-1.56903437 -5.         -2.20984883 -1.78593742  4.96500761  4.19772618
  0.693       0.58569831  0.81888091  0.49857943  0.107     ]",138.22197842779576,,,,,10715,0,0,0,0,"[-1.13309837 -4.81428    -4.27819276  4.14246586 -1.12625938  2.71916356
  0.693      -1.22616741  3.75555    -2.3543186   0.107     ]",,<pypesto.objective.history.History object at 0x7f71482a9340>,,53.02168869972229,,<ScipyDifferentialEvolutionOptimizer options={'maxiter': 100}>
3,"[-1.56907064 -5.         -2.20991419 -1.78590282  4.80014924  4.1976932
  0.693       0.58565523  0.81886401  0.49861997  0.107     ]",138.22198744814315,,,,,10995,0,0,0,0,"[-1.86495085 -0.36390256  2.13635922 -2.94075091 -4.09448836  0.81912342
  0.693      -1.88552499 -3.78852479 -2.95470183  0.107     ]",,<pypesto.objective.history.History object at 0x7f71482a9e50>,,53.458969831466675,,<ScipyDifferentialEvolutionOptimizer options={'maxiter': 100}>
2,"[-1.56906102 -5.         -2.20985245 -1.78590691  3.83014477  4.19770577
  0.693       0.5856742   0.81884699  0.49858735  0.107     ]",138.22224045737124,,,,,14035,0,0,0,0,"[ 1.64468479 -2.04633495 -2.23402554  4.83435711  3.80897491 -2.65983194
  0.693      -1.19050621 -3.68056267 -4.11708981  0.107     ]",,<pypesto.objective.history.History object at 0x7f71482325e0>,,66.47735238075256,,<ScipyDifferentialEvolutionOptimizer options={'maxiter': 100}>
1,"[-1.56907451 -5.         -2.20984486 -1.78590003  2.7668818   4.19769988
  0.693       0.58570512  0.81888786  0.49860303  0.107     ]",138.22524017580787,,,,,9965,0,0,0,0,"[-1.72762121  0.26995919  3.36228575 -4.59093864 -0.34798495 -1.37350674
  0.693      -3.97795394  2.20102559  0.73619242  0.107     ]",,<pypesto.objective.history.History object at 0x7f7148232b80>,,52.25171518325806,,<ScipyDifferentialEvolutionOptimizer options={'maxiter': 100}>
0,"[-1.6185711   4.51296337  0.06609839 -1.58800832  4.55606921  4.13593029
  0.693       0.93086697  0.69595808  0.58478824  0.107     ]",149.58784051900648,,,,,9140,0,0,0,0,"[ 0.21213796  0.86806757  3.90878698 -3.09093301  0.25662392 -1.09411725
  0.693      -4.55181995  4.33353287  0.80559982  0.107     ]",,<pypesto.objective.history.History object at 0x7f71482b9ee0>,,40.03240132331848,,<ScipyDifferentialEvolutionOptimizer options={'maxiter': 100}>
