id,x,fval,grad,hess,res,sres,n_fval,n_grad,n_hess,n_res,n_sres,x0,fval0,history,exitflag,time,message,optimizer
1,"[ 0.12029367  4.84283199 -3.34825264 -2.72636883 -3.74561533  4.61062589
  0.693       1.31553572  1.30248132  0.94267338  0.107     ]",202.9844281806643,,,,,10000,0,0,0,0,"[-1.72762121  0.26995919  3.36228575 -4.59093864 -0.34798495 -1.37350674
  0.693      -3.97795394  2.20102559  0.73619242  0.107     ]",,<pypesto.objective.history.History object at 0x7f714a427d60>,,55.571826696395874,,<DlibOptimizer options={'maxiter': 10000}>
2,"[-4.89589464  0.45250577  1.11354327 -2.63822279 -1.8149735   4.0238667
  0.693       1.39169615  1.64631286  0.92106774  0.107     ]",216.02614048969144,,,,,10000,0,0,0,0,"[ 1.64468479 -2.04633495 -2.23402554  4.83435711  3.80897491 -2.65983194
  0.693      -1.19050621 -3.68056267 -4.11708981  0.107     ]",,<pypesto.objective.history.History object at 0x7f71482a9970>,,62.63050985336304,,<DlibOptimizer options={'maxiter': 10000}>
0,"[-4.99999685e+00 -2.72296153e+00 -2.42645228e+00 -1.54165395e+00
  3.88649452e-03  3.96076502e+00  6.93000000e-01  1.14637883e+00
  1.15048998e+00  1.83599402e+00  1.07000000e-01]",217.2890066229182,,,,,10000,0,0,0,0,"[ 0.21213796  0.86806757  3.90878698 -3.09093301  0.25662392 -1.09411725
  0.693      -4.55181995  4.33353287  0.80559982  0.107     ]",,<pypesto.objective.history.History object at 0x7f71482e84c0>,,63.400678873062134,,<DlibOptimizer options={'maxiter': 10000}>
3,"[-1.70295176  4.83535644 -1.6749575  -3.57794658  3.16293948  4.14795153
  0.693       1.60241119  1.41686783  1.24818319  0.107     ]",217.5867493222539,,,,,10000,0,0,0,0,"[-1.86495085 -0.36390256  2.13635922 -2.94075091 -4.09448836  0.81912342
  0.693      -1.88552499 -3.78852479 -2.95470183  0.107     ]",,<pypesto.objective.history.History object at 0x7f71482a9550>,,60.816564321517944,,<DlibOptimizer options={'maxiter': 10000}>
4,"[ 0.18195077  2.04796947 -2.86378705 -4.40010839  0.91746959  4.99868419
  0.693       1.32648494  1.32920842  1.81770274  0.107     ]",226.56566458950613,,,,,10000,0,0,0,0,"[-1.13309837 -4.81428    -4.27819276  4.14246586 -1.12625938  2.71916356
  0.693      -1.22616741  3.75555    -2.3543186   0.107     ]",,<pypesto.objective.history.History object at 0x7f71482a9880>,,55.68561625480652,,<DlibOptimizer options={'maxiter': 10000}>
