id,x,fval,grad,hess,res,sres,n_fval,n_grad,n_hess,n_res,n_sres,x0,fval0,history,exitflag,time,message,optimizer
2,"[-1.47997634 -0.15766089 -1.09003594 -1.81679301 -1.76493688  4.01591491
  0.693       0.68561145  0.95865757  1.03127893  0.107     ]",161.15932625694757,,,,,9392,0,0,0,0,"[ 1.64468479 -2.04633495 -2.23402554  4.83435711  3.80897491 -2.65983194
  0.693      -1.19050621 -3.68056267 -4.11708981  0.107     ]",,<pypesto.objective.history.History object at 0x7fd98d3fa2e0>,,32.44610357284546,,<PyswarmOptimizer options={'maxiter': 200}>
1,"[-1.36886146  0.17601574  0.89225659 -2.02334038 -1.6950662   4.07208003
  0.693       0.95127257  0.97732951  0.82141009  0.107     ]",162.90755008583173,,,,,14972,0,0,0,0,"[-1.72762121  0.26995919  3.36228575 -4.59093864 -0.34798495 -1.37350674
  0.693      -3.97795394  2.20102559  0.73619242  0.107     ]",,<pypesto.objective.history.History object at 0x7fd98d3fa3d0>,,61.220441579818726,,<PyswarmOptimizer options={'maxiter': 200}>
3,"[-0.22178643 -0.13693208  0.35871701 -2.22783145  1.18933896  4.99396612
  0.693       1.16282171  1.16041553  0.6694959   0.107     ]",177.9919044794499,,,,,17167,0,0,0,0,"[-1.86495085 -0.36390256  2.13635922 -2.94075091 -4.09448836  0.81912342
  0.693      -1.88552499 -3.78852479 -2.95470183  0.107     ]",,<pypesto.objective.history.History object at 0x7fd98d3fa310>,,86.34768605232239,,<PyswarmOptimizer options={'maxiter': 200}>
4,"[ 2.21415768 -1.87492284  1.34791253 -2.02297027 -4.16857975 -1.26069617
  0.693       1.87265387  1.75872376  1.29886706  0.107     ]",249.74599646479467,,,,,3522,0,0,0,0,"[-1.13309837 -4.81428    -4.27819276  4.14246586 -1.12625938  2.71916356
  0.693      -1.22616741  3.75555    -2.3543186   0.107     ]",,<pypesto.objective.history.History object at 0x7fd98d3fa340>,,2.8325953483581543,,<PyswarmOptimizer options={'maxiter': 200}>
0,"[-4.74620577  2.34080251  3.48297063  0.80733132  0.77172267 -3.33719696
  0.693       1.87266306  1.75872365  1.29886451  0.107     ]",249.74599715879017,,,,,3758,0,0,0,0,"[ 0.21213796  0.86806757  3.90878698 -3.09093301  0.25662392 -1.09411725
  0.693      -4.55181995  4.33353287  0.80559982  0.107     ]",,<pypesto.objective.history.History object at 0x7fd98d3fa220>,,2.602635622024536,,<PyswarmOptimizer options={'maxiter': 200}>
